first_name,last_name,email,gender,phone_number  ,address,aadhar_number,DOB,password
Abhishekh,Goyal,dcobby@amazon.co.uk,Male,688-403-1732,5 Marquette Terrace,88-4851-0531,11-07-1999,dfgrg
Kevina,Arkell,karkell1@imgur.com,Male,926-803-8886,6 Talisman Plaza,31-3597-2976,11-10-2007,sfvnre
Megumi,Sharma,acastaignet2@digg.com,Female,206-527-3085,74558 Hauk Court,45-4484-2859,06-04-1989,3fscbg
Eugenius,Wyldish,ewyldish3@samsung.com,Female,321-232-1015,88 Sutherland Circle,12-9390-6573,11-10-2002,djtexaa
Abhipriya,Kumar,pbrockman4@princeton.edu,Male,575-272-7035,89 Londonderry Drive,26-1509-1085,11-08-1999,vbrsx
Beverlee,Stobbart,bstobbart5@clickbank.net,Female,630-903-6183,806 Nobel Center,22-9299-7878,11-03-1978,cjwuxk
Rahul,Jaiswal,easpin6@bing.com,Male,161-562-1953,0 Ludington Parkway,85-7464-2827,09-06-1969,5u7djx
Marielle,Fritschel,mfritschel7@virginia.edu,Female,871-455-1965,096 Lerdahl Alley,18-5204-5256,11-04-2016,mvljsx
Sahil,Kumar,ljanney8@salon.com,Male,944-898-5358,2072 Continental Plaza,66-8649-0660,31-12-2002,jdusn2
Brunhilda,Forth,bforth9@surveymonkey.com,Female,242-373-8042,93 Dryden Alley,37-1787-1765,11-10-1980,",skcud"
Camila,Cabello,nreaveleya@abc.net.au,Female,603-959-3094,52 Grayhawk Lane,77-4646-6079,11-12-1991,nvka8c
Tabbitha,Ingleson,tinglesonb@joomla.org,Male,406-461-6336,4701 Twin Pines Parkway,34-6302-6023,11-10-2003,mv86xj
AP,Dhillon,wsweetenhamc@stumbleupon.com,Male,501-403-9886,79227 Corry Alley,45-4059-0316,09-05-1992,b8ekxh
Flemming,Phinnessy,fphinnessyd@un.org,Female,698-463-1225,7310 Memorial Terrace,79-0905-6028,11-10-2012,"dhcc,"
Millie B.,brown,jmaffie@vk.com,Female,755-847-0812,73145 Memorial Alley,29-4011-9155,11-06-2003,0lehcm
Vivianne,Wythill,vwythillf@cloudflare.com,Male,847-597-3832,76901 Russell Terrace,75-5331-7195,05-09-2010,mj8yg
Anubhav S.,Bassi,dcullivang@springer.com,Male,278-185-0319,748 Banding Street,65-5576-9181,11-02-1988,dhdldn
Llywellyn,Bassick,lbassickh@wisc.edu,Male,172-776-0708,124 Northfield Drive,56-0175-9898,11-10-2010,ecemmj
Mikasa,Ackerman,tillstoni@webmd.com,Female,420-776-2506,63 Sheridan Court,19-5316-9902,11-10-2002,bekfh28c
Rhiamon,Seary,rsearyj@wordpress.com,Male,269-884-9245,467 Jay Terrace,67-7054-5683,12-07-2009,nxleimdd
Cpt. Jack,Sparrow,bmcilveenk@networksolutions.com,Male,952-976-3668,6165 Menomonie Court,51-5708-2967,11-10-2002,nv67hd 
Domini,Carillo,dcarillol@mashable.com,Female,688-330-1953,4936 Jana Drive,62-2793-0601,11-10-2010,mckvu0
Dr. ,Strange,iarkcollm@answers.com,Male,272-577-2636,53493 Drewry Point,28-2131-0056,12-05-2013,nv0dlev
Christie,Sorrie,csorrien@mail.ru,Male,565-401-8409,29 Saint Paul Junction,32-8852-4716,09-06-1969,nbhd831
Satrou,Gojo,tblakero@telegraph.co.uk,Male,761-815-5203,6 Westend Crossing,14-4755-6348,03-06-2004,bvlksmx
Murielle,Velden,mveldenp@sbwire.com,Male,592-659-4433,5 Kipling Terrace,40-6655-1351,11-06-2010,v7rutms
Harley,Quinn,neburneq@imageshack.us,Female,491-208-5410,2 Holmberg Street,19-2555-2187,08-03-1975,bvjw23ls
Tannie,Rathbourne,trathbourner@wordpress.org,Female,909-134-7064,64 Coleman Junction,90-8846-3239,11-02-1997,vbsj362h
Arjit ,Singh,ksaintepauls@edublogs.org,Male,624-334-1453,07256 Forster Park,17-9085-6949,10-06-2003,vbdn2k9
Melisa,Pavis,mpavist@foxnews.com,Male,460-822-7988,928 Cottonwood Trail,94-3800-0771,02-04-1985,cmlwos0
Nessy,Lowthian,nlowthianu@google.com,Male,906-181-0667,9441 Forest Lane,36-4888-7906,11-10-1999,vnd10dl
Rollin,Addinall,raddinallv@reddit.com,Male,820-770-5681,4 Prairieview Park,43-7648-0924,01-03-1965,vndh6fy
Sutton,Seston,ssestonw@yolasite.com,Female,965-961-9667,31967 Kennedy Road,61-3739-2147,05-05-1989,cmwuja
Trixy,Mandifield,tmandifieldx@netscape.com,Female,736-207-3341,6 Waubesa Place,89-0009-5757,12-03-1994,"vnc0wo,x"
Onida,Simpkin,osimpkiny@bluehost.com,Male,643-517-1370,4962 Pond Street,13-9629-8134,11-10-1998,bvhek
Sloan,Schukraft,sschukraftz@sogou.com,Male,236-814-1067,2 Moland Avenue,52-2250-3720,01-02-2004,vbnskw
Sebastien,Larroway,slarroway10@purevolume.com,Male,185-317-2817,41 Westend Hill,69-5742-5886,01-04-2005,cmsshx7a
Nathan,Worgan,nworgan11@weibo.com,Male,400-777-7163,22 Cardinal Park,83-3794-4935,11-04-1995,jcmwl
Ruthi,Petr,rpetr12@narod.ru,Male,847-147-8603,6 Lunder Park,35-2664-9286,09-12-1994,nwi9x
Obediah,Melia,omelia13@domainmarket.com,Male,482-815-8898,96 Utah Point,36-1456-2263,04-09-1983,vneh7sjq
Errol,Dunan,edunan14@answers.com,Male,451-605-5636,611 Red Cloud Way,28-0006-9627,11-10-1978,"vnx0,kdn"
Crystie,Paulot,cpaulot15@google.com.au,Female,346-441-1814,7 Waubesa Street,17-4080-5658,12-12-2017,bjfmfn7
Hanan,Lugg,hlugg16@google.es,Female,570-112-8581,26540 Kennedy Avenue,22-8124-3303,10-11-2015,vndj9rms
Fayina,Bushaway,fbushaway17@multiply.com,Male,216-727-5156,5 Vahlen Drive,85-0022-5483,11-10-2023,mvkdi8
Ernie,Fawley,efawley18@illinois.edu,Male,174-712-4134,37883 American Parkway,14-3343-6426,11-08-1974,hf63nx
Samara,Hallam,shallam19@bandcamp.com,Female,470-824-3519,6 Chive Alley,39-5072-3196,02-05-1971,bsj37d
Tisha,Domenc,tdomenc1a@yahoo.com,Female,956-414-4735,197 Schurz Junction,41-4656-5464,09-10-2014,cmks9
Marybelle,Gladman,mgladman1b@wisc.edu,Female,608-588-9549,37939 Pankratz Lane,42-0663-9787,11-09-2002,mdje0c
Shepard,Geddes,sgeddes1c@zdnet.com,Male,411-832-2075,1844 International Plaza,56-1177-7678,11-10-2010,vbhd7s
Alia,Carslake,acarslake1d@i2i.jp,Female,662-853-3628,0123 Kim Drive,69-8161-2038,02-11-1965,fnkcms9
,,,,,,,,
djggj,dgsjs,asd@jdhf.com,Male,4869504,ndhsks,54-5432-4857,32-01-1999,dhfk
